OrderID,CustomerID,ProductID,OrderDate,Quantity,TotalPrice,Status,SaleID
1,338,138,2024-02-28,96,824.04,Delivered,1
2,139,189,2022-11-17,7,838.5,Delivered,2
3,279,120,2023-12-29,22,132.03,Cancelled,3
4,241,339,2022-08-30,7,215.38,Delivered,4
5,481,419,2022-09-17,64,592.36,Delivered,5
6,191,241,2023-07-22,34,793.34,Delivered,6
7,35,344,2023-05-07,57,189.07,Cancelled,7
8,490,33,2023-05-12,84,729.51,Delivered,8
9,158,303,2023-05-06,18,155.84,Shipped,9
10,12,118,2022-07-11,22,131.72,Pending,10
11,61,81,2022-06-09,58,968.12,Delivered,11
12,256,76,2022-06-29,17,376.27,Shipped,12
13,435,486,2022-09-25,62,584.1,Shipped,13
14,386,59,2023-03-23,52,994.07,Delivered,14
15,188,406,2023-11-08,49,562.92,Cancelled,15
16,488,262,2022-07-06,78,590.82,Shipped,16
17,331,464,2024-02-17,9,458.38,Pending,17
18,159,366,2022-12-31,92,273.29,Cancelled,18
19,296,175,2023-11-11,56,576.91,Delivered,19
20,41,484,2022-11-12,89,983.99,Pending,20
21,213,17,2023-01-09,38,153.67,Cancelled,21
22,128,420,2023-03-11,2,704.43,Shipped,22
23,45,460,2024-03-17,13,435.9,Pending,23
24,468,396,2023-12-16,60,317.0,Shipped,24
25,289,227,2023-01-03,54,178.04,Cancelled,25
26,175,406,2024-03-08,24,355.77,Delivered,26
27,164,136,2022-06-04,41,946.34,Shipped,27
28,195,165,2022-07-11,35,546.13,Shipped,28
29,308,216,2022-10-01,17,520.64,Delivered,29
30,106,68,2024-02-08,28,993.81,Shipped,30
31,240,426,2023-01-08,92,270.32,Delivered,31
32,61,445,2023-06-02,2,823.02,Pending,32
33,434,278,2023-07-14,12,284.14,Cancelled,33
34,365,388,2023-09-26,62,812.47,Delivered,34
35,197,226,2022-12-09,17,457.38,Pending,35
36,190,136,2024-03-21,18,235.96,Pending,36
37,251,100,2022-08-10,53,226.16,Delivered,37
38,200,422,2024-04-17,69,578.34,Cancelled,38
39,473,167,2023-09-21,45,119.77,Cancelled,39
40,420,488,2022-07-16,85,362.71,Cancelled,40
41,414,399,2022-10-21,13,199.84,Cancelled,41
42,268,211,2023-07-11,97,607.35,Cancelled,42
43,467,46,2022-10-21,77,297.35,Shipped,43
44,441,28,2023-01-05,72,166.22,Delivered,44
45,212,81,2022-11-21,28,291.98,Pending,45
46,446,180,2023-04-18,18,700.31,Shipped,46
47,153,192,2023-10-24,7,278.09,Shipped,47
48,314,269,2023-05-17,97,683.0,Cancelled,48
49,323,435,2023-01-01,32,315.64,Pending,49
50,142,278,2023-04-03,21,453.02,Delivered,50
51,48,85,2024-02-21,21,502.86,Delivered,51
52,190,89,2023-01-17,66,164.73,Delivered,52
53,65,458,2023-09-21,82,879.43,Delivered,53
54,6,161,2022-10-18,1,723.01,Delivered,54
55,377,436,2023-09-29,15,806.46,Shipped,55
56,347,353,2023-12-30,71,662.26,Cancelled,56
57,352,496,2023-08-22,34,484.52,Cancelled,57
58,257,33,2023-08-18,86,509.0,Cancelled,58
59,316,475,2023-06-17,71,339.12,Shipped,59
60,189,226,2023-03-14,18,113.47,Shipped,60
61,116,352,2024-02-02,34,133.23,Delivered,61
62,323,34,2023-02-22,70,141.81,Delivered,62
63,246,47,2022-08-25,27,238.63,Delivered,63
64,62,66,2023-06-27,21,982.84,Cancelled,64
65,104,252,2022-11-15,71,704.89,Delivered,65
66,154,52,2023-06-12,90,251.94,Pending,66
67,391,500,2023-11-10,60,607.39,Pending,67
68,389,403,2022-11-11,82,320.5,Pending,68
69,203,383,2022-06-22,100,316.28,Delivered,69
70,481,117,2023-06-14,38,470.52,Shipped,70
71,257,52,2023-03-15,87,271.66,Cancelled,71
72,324,87,2024-01-01,32,132.02,Delivered,72
73,96,159,2023-03-22,54,710.42,Delivered,73
74,249,393,2024-04-17,90,226.34,Shipped,74
75,101,30,2024-04-23,25,916.09,Cancelled,75
76,148,17,2022-08-23,7,802.86,Cancelled,76
77,11,456,2023-11-23,57,463.79,Pending,77
78,129,124,2022-10-01,14,778.06,Delivered,78
79,416,170,2022-11-20,15,565.74,Shipped,79
80,494,352,2022-08-12,84,205.02,Shipped,80
81,214,471,2023-05-03,50,115.82,Pending,81
82,223,498,2023-01-23,40,829.49,Pending,82
83,447,20,2023-09-29,7,174.36,Pending,83
84,360,100,2023-02-27,20,520.1,Cancelled,84
85,462,73,2023-10-16,24,927.0,Delivered,85
86,239,397,2023-06-13,3,909.93,Delivered,86
87,369,323,2023-10-14,30,226.31,Shipped,87
88,244,208,2023-02-13,25,233.55,Delivered,88
89,230,242,2022-11-19,97,330.86,Cancelled,89
90,91,499,2022-05-28,28,677.62,Cancelled,90
91,39,324,2022-11-04,60,321.05,Delivered,91
92,435,36,2024-01-24,97,109.39,Shipped,92
93,302,72,2022-06-08,45,336.91,Shipped,93
94,212,289,2023-06-03,51,440.15,Shipped,94
95,51,193,2023-04-03,9,591.14,Pending,95
96,156,490,2022-10-05,98,545.64,Delivered,96
97,460,352,2022-07-10,7,133.33,Cancelled,97
98,6,127,2022-06-24,92,355.09,Delivered,98
99,455,389,2023-10-26,82,794.02,Shipped,99
100,103,497,2023-11-30,67,610.9,Shipped,100
101,467,255,2024-04-07,67,195.64,Cancelled,101
102,274,253,2022-12-13,10,561.83,Delivered,102
103,170,93,2022-11-29,15,209.38,Pending,103
104,37,97,2024-02-09,73,628.32,Shipped,104
105,397,373,2022-08-01,7,900.47,Pending,105
106,270,249,2023-10-02,22,196.42,Cancelled,106
107,352,384,2024-02-08,9,549.28,Pending,107
108,104,301,2023-04-26,80,756.4,Cancelled,108
109,396,54,2023-02-01,34,129.46,Shipped,109
110,287,311,2023-05-25,7,848.34,Cancelled,110
111,355,162,2024-04-08,94,670.89,Cancelled,111
112,393,191,2024-03-29,76,951.88,Delivered,112
113,233,36,2023-08-26,52,913.68,Delivered,113
114,171,380,2023-11-18,83,431.41,Pending,114
115,482,432,2022-05-27,42,641.57,Shipped,115
116,335,161,2023-12-31,13,701.74,Cancelled,116
117,391,489,2023-02-17,85,830.06,Shipped,117
118,99,197,2022-12-19,52,491.45,Delivered,118
119,66,11,2023-01-16,66,624.66,Delivered,119
120,145,64,2023-01-06,98,389.78,Cancelled,120
121,70,192,2023-09-08,86,823.98,Shipped,121
122,68,466,2023-09-27,74,664.58,Shipped,122
123,321,20,2022-09-28,16,849.15,Cancelled,123
124,166,399,2023-05-24,80,179.65,Cancelled,124
125,212,30,2023-12-31,53,325.25,Delivered,125
126,444,371,2023-10-10,38,420.63,Pending,126
127,41,379,2024-01-01,71,366.34,Cancelled,127
128,359,123,2023-01-12,68,334.45,Delivered,128
129,390,304,2024-04-16,63,129.7,Delivered,129
130,231,61,2023-08-07,72,914.02,Delivered,130
131,217,327,2022-05-30,12,739.65,Delivered,131
132,245,425,2022-08-10,68,294.74,Pending,132
133,93,423,2023-09-02,3,862.18,Pending,133
134,290,256,2022-06-26,26,359.1,Pending,134
135,19,21,2022-08-09,72,272.0,Shipped,135
136,108,446,2024-03-30,70,765.13,Cancelled,136
137,8,338,2023-01-05,32,543.7,Delivered,137
138,62,132,2023-02-15,100,279.36,Delivered,138
139,432,119,2023-04-06,16,110.74,Shipped,139
140,31,446,2022-12-24,27,841.09,Pending,140
141,499,4,2022-09-22,72,319.58,Delivered,141
142,383,211,2023-10-31,39,767.25,Shipped,142
143,364,490,2023-06-22,58,659.19,Cancelled,143
144,344,266,2023-12-13,29,820.44,Pending,144
145,187,71,2024-01-04,94,166.32,Delivered,145
146,221,341,2023-07-17,50,620.02,Cancelled,146
147,215,284,2022-11-15,25,182.42,Shipped,147
148,160,299,2022-12-23,59,363.83,Pending,148
149,421,287,2024-01-04,57,406.84,Pending,149
150,32,178,2023-02-22,35,357.74,Cancelled,150
151,160,185,2024-05-09,3,643.2,Cancelled,151
152,265,80,2024-04-11,83,250.19,Shipped,152
153,273,132,2024-03-31,38,986.92,Delivered,153
154,480,497,2023-02-07,71,585.98,Shipped,154
155,446,159,2023-02-09,63,610.29,Pending,155
156,237,161,2023-12-19,15,740.9,Delivered,156
157,481,219,2023-12-18,84,516.77,Pending,157
158,388,164,2023-01-09,22,499.46,Delivered,158
159,415,81,2023-03-01,70,742.73,Pending,159
160,185,442,2024-01-26,88,263.56,Cancelled,160
161,265,280,2022-11-29,66,805.35,Shipped,161
162,155,297,2022-11-24,59,968.11,Pending,162
163,213,82,2023-01-17,7,239.95,Cancelled,163
164,357,447,2023-09-19,40,699.29,Cancelled,164
165,12,282,2023-05-12,79,388.28,Delivered,165
166,71,161,2023-08-02,90,286.16,Pending,166
167,13,308,2022-09-11,69,762.42,Cancelled,167
168,335,112,2023-11-15,42,751.85,Delivered,168
169,456,165,2022-05-15,71,588.96,Cancelled,169
170,272,1,2023-10-17,25,646.78,Pending,170
171,385,228,2024-01-11,92,470.04,Cancelled,171
172,176,78,2023-02-20,36,869.87,Pending,172
173,351,308,2022-07-30,1,511.89,Delivered,173
174,22,453,2023-03-15,56,314.05,Cancelled,174
175,422,164,2023-05-26,78,249.77,Shipped,175
176,451,256,2023-12-21,17,566.59,Pending,176
177,184,124,2022-06-07,29,136.42,Shipped,177
178,49,168,2022-09-23,85,568.09,Shipped,178
179,209,375,2023-12-29,12,389.61,Pending,179
180,472,405,2023-09-04,97,827.43,Cancelled,180
181,207,311,2023-09-20,16,380.03,Cancelled,181
182,241,9,2024-02-29,85,246.94,Cancelled,182
183,8,21,2023-06-27,75,341.78,Cancelled,183
184,37,390,2022-11-08,53,794.75,Pending,184
185,26,251,2022-08-30,80,414.13,Pending,185
186,154,173,2022-06-06,40,817.45,Delivered,186
187,44,490,2024-02-05,24,587.47,Pending,187
188,3,473,2023-12-21,56,613.93,Cancelled,188
189,207,255,2022-07-13,94,795.93,Cancelled,189
190,442,121,2023-08-29,31,573.94,Shipped,190
191,16,40,2024-01-14,26,259.0,Shipped,191
192,425,227,2022-10-07,40,902.7,Pending,192
193,91,416,2023-11-17,82,863.39,Pending,193
194,130,471,2023-12-10,81,433.3,Pending,194
195,132,384,2024-01-21,87,982.41,Shipped,195
196,80,8,2023-07-06,38,629.01,Shipped,196
197,191,82,2022-11-03,90,717.63,Cancelled,197
198,189,318,2024-02-14,55,959.9,Pending,198
199,196,53,2022-08-13,7,700.4,Cancelled,199
200,396,247,2023-12-06,89,314.01,Pending,200
201,363,99,2023-05-01,83,624.35,Delivered,201
202,270,369,2023-07-03,44,928.48,Shipped,202
203,121,87,2023-10-29,42,245.24,Delivered,203
204,132,170,2023-09-09,73,334.83,Shipped,204
205,475,357,2022-12-20,39,690.34,Pending,205
206,38,57,2022-08-22,46,976.32,Pending,206
207,44,96,2023-05-21,59,200.85,Delivered,207
208,55,301,2022-05-26,100,248.44,Cancelled,208
209,334,408,2024-01-15,64,605.51,Shipped,209
210,266,478,2023-03-10,55,883.26,Delivered,210
211,55,438,2023-03-10,78,922.29,Cancelled,211
212,194,309,2023-09-20,36,935.98,Pending,212
213,449,267,2022-10-06,14,843.47,Cancelled,213
214,334,308,2024-03-07,53,906.66,Shipped,214
215,87,482,2024-03-05,92,793.77,Shipped,215
216,325,168,2022-07-29,1,577.8,Cancelled,216
217,57,50,2023-07-18,45,294.18,Delivered,217
218,99,84,2022-10-28,14,282.99,Cancelled,218
219,37,136,2023-03-28,29,990.46,Shipped,219
220,236,156,2022-08-14,38,784.05,Pending,220
221,316,376,2023-07-13,24,910.15,Pending,221
222,348,260,2024-03-09,54,419.43,Pending,222
223,300,302,2023-02-13,44,513.02,Shipped,223
224,448,317,2022-06-26,63,601.8,Cancelled,224
225,122,36,2023-02-10,64,239.82,Cancelled,225
226,58,473,2023-11-28,80,464.14,Pending,226
227,156,425,2023-08-05,90,350.97,Delivered,227
228,426,134,2024-05-10,45,298.74,Delivered,228
229,441,327,2023-08-20,38,437.31,Cancelled,229
230,346,132,2023-10-29,12,184.42,Shipped,230
231,387,153,2022-06-13,58,211.91,Cancelled,231
232,460,190,2023-05-17,90,975.77,Cancelled,232
233,307,230,2022-11-07,47,885.69,Shipped,233
234,45,192,2023-01-14,50,614.35,Delivered,234
235,473,82,2023-11-12,27,365.39,Pending,235
236,418,152,2024-01-24,23,470.16,Shipped,236
237,43,293,2022-06-22,41,896.73,Shipped,237
238,167,306,2023-08-17,65,548.67,Shipped,238
239,270,432,2022-05-28,56,147.6,Delivered,239
240,200,488,2022-06-09,43,405.79,Cancelled,240
241,20,117,2024-01-25,29,507.06,Cancelled,241
242,492,405,2023-01-07,92,145.04,Pending,242
243,439,236,2023-09-17,77,480.25,Shipped,243
244,398,251,2023-03-29,99,760.29,Pending,244
245,168,402,2023-05-12,71,403.51,Pending,245
246,462,33,2022-11-20,33,623.33,Cancelled,246
247,458,323,2023-08-04,18,223.84,Shipped,247
248,389,456,2022-12-14,26,797.82,Pending,248
249,148,267,2024-01-30,60,374.0,Pending,249
250,14,248,2023-05-11,13,678.65,Cancelled,250
251,286,450,2022-06-20,72,926.73,Pending,251
252,381,243,2022-12-31,6,577.37,Shipped,252
253,270,423,2023-03-23,34,413.1,Cancelled,253
254,248,246,2022-12-23,87,267.59,Shipped,254
255,197,95,2022-05-15,36,478.88,Cancelled,255
256,147,332,2022-05-15,4,417.5,Delivered,256
257,325,165,2024-02-18,75,833.91,Pending,257
258,140,199,2023-10-30,36,223.75,Delivered,258
259,433,346,2023-07-29,37,216.01,Cancelled,259
260,94,264,2024-01-31,35,314.17,Cancelled,260
261,81,465,2022-12-16,22,457.5,Pending,261
262,208,125,2024-02-29,50,849.42,Cancelled,262
263,104,25,2022-07-30,5,320.27,Pending,263
264,7,205,2024-02-29,68,416.76,Cancelled,264
265,105,148,2022-10-23,24,882.35,Cancelled,265
266,235,269,2022-11-09,41,995.27,Delivered,266
267,235,301,2022-07-13,26,612.25,Delivered,267
268,171,315,2023-11-20,65,712.63,Cancelled,268
269,461,405,2023-10-16,87,978.79,Shipped,269
270,358,401,2022-07-07,77,327.23,Cancelled,270
271,281,110,2024-04-11,25,934.51,Cancelled,271
272,158,237,2022-08-22,26,853.25,Cancelled,272
273,319,258,2023-03-14,76,455.24,Delivered,273
274,147,231,2022-09-04,68,144.56,Cancelled,274
275,321,131,2023-05-12,41,807.11,Delivered,275
276,179,499,2023-03-05,44,246.36,Delivered,276
277,409,2,2024-01-06,95,454.1,Shipped,277
278,233,195,2023-09-14,27,705.95,Shipped,278
279,14,254,2023-05-27,20,559.07,Shipped,279
280,441,483,2023-12-09,6,360.05,Pending,280
281,340,265,2024-01-11,84,187.37,Cancelled,281
282,341,84,2024-01-03,74,209.04,Cancelled,282
283,393,67,2023-12-09,63,661.56,Cancelled,283
284,240,431,2024-01-13,89,151.36,Cancelled,284
285,80,145,2023-05-07,63,521.6,Delivered,285
286,204,325,2023-10-22,27,371.55,Pending,286
287,45,69,2023-09-09,49,916.56,Shipped,287
288,215,413,2023-08-25,3,662.51,Shipped,288
289,46,151,2023-09-12,2,683.05,Shipped,289
290,38,60,2023-03-09,60,728.69,Shipped,290
291,159,25,2023-11-18,96,936.97,Pending,291
292,436,465,2023-03-16,29,277.49,Delivered,292
293,167,466,2022-10-16,2,739.54,Pending,293
294,8,68,2023-06-23,85,948.03,Delivered,294
295,55,345,2022-06-19,84,221.16,Pending,295
296,257,129,2024-01-22,93,371.39,Pending,296
297,52,172,2022-06-23,27,986.3,Pending,297
298,361,238,2023-12-10,37,465.97,Shipped,298
299,149,173,2022-08-13,69,805.21,Shipped,299
300,336,112,2023-04-18,27,593.02,Delivered,300
301,31,475,2023-08-29,5,794.86,Delivered,301
302,489,20,2024-02-29,31,953.09,Delivered,302
303,345,431,2024-04-05,95,514.22,Pending,303
304,107,184,2023-11-02,5,104.51,Pending,304
305,84,28,2022-12-22,67,213.32,Pending,305
306,88,441,2024-01-22,49,496.05,Cancelled,306
307,229,161,2023-12-30,15,301.27,Delivered,307
308,477,424,2024-04-21,26,613.11,Cancelled,308
309,469,156,2022-10-07,43,388.13,Pending,309
310,301,239,2023-07-09,77,422.68,Cancelled,310
311,3,233,2023-02-17,93,508.57,Delivered,311
312,232,396,2023-11-16,99,694.66,Cancelled,312
313,437,487,2022-08-01,42,358.37,Pending,313
314,168,429,2022-11-02,81,217.76,Cancelled,314
315,157,301,2022-09-27,45,543.62,Cancelled,315
316,166,65,2022-07-21,100,494.36,Shipped,316
317,454,316,2023-05-24,28,934.9,Shipped,317
318,192,108,2022-05-28,29,738.77,Cancelled,318
319,495,324,2023-11-07,4,535.05,Shipped,319
320,291,298,2022-09-12,57,676.13,Delivered,320
321,25,350,2022-10-04,12,871.07,Shipped,321
322,73,344,2023-09-20,2,877.93,Delivered,322
323,136,180,2023-08-01,25,654.72,Pending,323
324,492,485,2023-11-05,99,100.19,Delivered,324
325,69,327,2022-09-24,67,253.72,Pending,325
326,176,106,2023-04-01,60,887.61,Pending,326
327,319,163,2024-05-07,2,459.92,Delivered,327
328,148,181,2022-12-15,17,192.7,Pending,328
329,472,229,2023-02-16,54,918.46,Cancelled,329
330,183,459,2023-06-05,16,564.95,Cancelled,330
331,316,353,2023-07-02,64,313.08,Shipped,331
332,179,103,2022-07-17,31,710.56,Pending,332
333,467,278,2023-08-30,100,316.37,Cancelled,333
334,64,125,2022-12-27,50,957.08,Delivered,334
335,475,462,2024-02-04,90,221.51,Pending,335
336,139,163,2023-04-22,15,318.05,Shipped,336
337,107,62,2023-05-20,59,199.61,Cancelled,337
338,18,141,2022-11-25,91,578.69,Delivered,338
339,393,427,2022-09-18,14,199.42,Shipped,339
340,243,284,2023-05-14,68,449.84,Shipped,340
341,482,327,2023-09-04,51,154.63,Pending,341
342,409,100,2023-05-10,43,145.03,Delivered,342
343,101,22,2022-11-05,91,356.36,Cancelled,343
344,118,498,2024-04-08,69,530.83,Shipped,344
345,416,114,2023-07-29,64,671.45,Delivered,345
346,288,212,2023-09-06,86,812.68,Cancelled,346
347,403,189,2022-08-29,82,964.67,Cancelled,347
348,248,127,2023-05-04,37,157.3,Pending,348
349,264,15,2023-12-25,99,139.29,Shipped,349
350,120,323,2023-03-13,21,985.68,Shipped,350
351,113,252,2023-04-16,12,123.05,Pending,351
352,203,351,2023-06-14,39,809.29,Pending,352
353,226,93,2022-09-23,64,663.21,Pending,353
354,447,295,2022-12-12,49,158.78,Pending,354
355,162,307,2024-04-30,54,106.19,Shipped,355
356,415,236,2022-10-07,48,620.46,Delivered,356
357,437,345,2022-12-09,71,921.7,Delivered,357
358,166,395,2022-05-18,5,896.71,Pending,358
359,99,432,2023-06-07,41,527.04,Cancelled,359
360,459,22,2023-09-20,80,469.23,Cancelled,360
361,466,135,2024-04-08,48,405.09,Shipped,361
362,139,155,2022-12-09,64,657.64,Pending,362
363,334,236,2022-07-20,23,852.87,Pending,363
364,389,455,2023-05-13,49,715.29,Delivered,364
365,245,407,2024-01-18,64,677.11,Cancelled,365
366,403,203,2023-11-16,64,137.86,Shipped,366
367,491,47,2024-04-26,33,472.72,Cancelled,367
368,207,402,2022-11-13,65,510.94,Pending,368
369,98,29,2022-09-12,50,203.41,Cancelled,369
370,89,324,2022-05-18,22,442.3,Delivered,370
371,368,456,2022-08-07,59,209.18,Delivered,371
372,309,96,2022-08-04,82,936.19,Pending,372
373,242,14,2023-12-16,30,830.48,Cancelled,373
374,483,306,2022-05-31,82,348.64,Delivered,374
375,328,63,2023-10-02,12,145.67,Pending,375
376,176,434,2022-05-15,95,808.52,Cancelled,376
377,56,356,2022-07-13,40,853.04,Pending,377
378,3,415,2023-09-03,11,256.62,Pending,378
379,181,92,2023-01-01,14,201.47,Shipped,379
380,360,364,2024-05-02,77,716.16,Cancelled,380
381,437,273,2023-01-22,40,896.88,Shipped,381
382,66,479,2023-11-14,40,740.92,Delivered,382
383,327,317,2023-10-07,46,448.79,Shipped,383
384,213,372,2024-02-12,50,232.17,Delivered,384
385,352,400,2022-05-27,35,393.85,Delivered,385
386,211,353,2023-09-16,33,522.99,Shipped,386
387,45,22,2022-10-18,69,492.79,Shipped,387
388,6,160,2024-01-14,71,264.43,Cancelled,388
389,489,275,2023-07-04,28,894.14,Delivered,389
390,172,14,2023-11-12,43,752.62,Cancelled,390
391,205,243,2024-02-26,63,114.24,Shipped,391
392,416,123,2024-03-13,84,325.73,Pending,392
393,148,247,2022-12-21,33,533.35,Pending,393
394,288,411,2022-09-15,92,506.06,Cancelled,394
395,18,262,2022-12-10,100,270.88,Cancelled,395
396,350,202,2022-07-06,96,127.23,Cancelled,396
397,346,439,2023-11-30,67,918.3,Delivered,397
398,207,182,2022-12-06,92,836.0,Shipped,398
399,173,5,2023-01-24,89,153.19,Shipped,399
400,77,376,2023-01-08,53,298.01,Pending,400
401,27,469,2024-03-10,52,689.7,Cancelled,401
402,78,54,2023-08-16,5,365.38,Pending,402
403,36,209,2023-11-29,92,184.48,Cancelled,403
404,80,364,2024-05-07,98,323.67,Pending,404
405,26,52,2023-10-05,75,709.48,Shipped,405
406,10,421,2023-05-17,82,381.11,Cancelled,406
407,95,341,2023-09-03,89,548.0,Cancelled,407
408,398,427,2022-07-02,89,265.73,Pending,408
409,50,56,2022-10-24,100,113.64,Shipped,409
410,299,316,2023-12-24,16,562.59,Delivered,410
411,482,266,2023-09-04,66,901.68,Shipped,411
412,312,472,2022-12-26,100,457.01,Delivered,412
413,366,381,2022-09-16,79,514.37,Delivered,413
414,84,492,2023-12-02,33,141.53,Cancelled,414
415,243,86,2022-05-22,75,803.94,Cancelled,415
416,193,126,2023-03-05,92,736.58,Pending,416
417,160,377,2022-07-09,85,132.15,Shipped,417
418,459,76,2023-07-26,90,875.56,Shipped,418
419,272,403,2023-07-02,39,785.12,Shipped,419
420,333,186,2023-10-20,76,852.24,Cancelled,420
421,310,32,2023-04-19,5,411.27,Delivered,421
422,146,255,2023-07-24,22,226.77,Pending,422
423,487,173,2023-01-27,83,528.79,Shipped,423
424,335,392,2023-11-12,96,236.44,Pending,424
425,353,212,2023-08-21,71,641.27,Shipped,425
426,104,30,2023-04-27,86,704.37,Delivered,426
427,123,235,2024-03-06,13,629.52,Delivered,427
428,212,232,2024-02-11,86,309.75,Delivered,428
429,241,270,2024-02-18,65,491.06,Pending,429
430,152,220,2023-08-26,20,956.63,Pending,430
431,422,442,2023-06-09,64,803.45,Delivered,431
432,170,487,2023-02-17,99,303.07,Delivered,432
433,410,193,2024-02-15,75,962.93,Delivered,433
434,242,47,2024-04-23,35,846.17,Pending,434
435,249,390,2023-12-31,34,236.79,Cancelled,435
436,463,376,2023-02-21,31,635.47,Shipped,436
437,67,239,2024-01-15,90,362.86,Delivered,437
438,470,114,2022-12-29,63,840.52,Delivered,438
439,163,415,2023-03-22,42,812.61,Shipped,439
440,393,253,2022-08-01,41,583.2,Delivered,440
441,411,11,2023-10-31,5,159.46,Shipped,441
442,8,494,2023-04-13,81,437.88,Pending,442
443,241,383,2022-08-21,82,895.29,Delivered,443
444,63,195,2023-01-30,49,664.79,Cancelled,444
445,478,229,2023-03-27,67,752.31,Cancelled,445
446,230,201,2022-07-04,73,458.65,Pending,446
447,49,209,2023-08-21,10,300.99,Shipped,447
448,325,133,2023-12-20,48,453.83,Cancelled,448
449,196,276,2024-04-05,75,949.34,Shipped,449
450,84,377,2022-07-26,25,377.44,Shipped,450
451,98,87,2022-12-03,74,491.32,Pending,451
452,258,369,2022-09-24,100,266.0,Delivered,452
453,166,39,2022-09-30,56,779.93,Shipped,453
454,54,349,2023-11-06,61,214.34,Pending,454
455,320,231,2023-12-11,66,452.95,Delivered,455
456,436,54,2024-01-20,35,369.29,Delivered,456
457,299,176,2023-05-18,95,620.51,Shipped,457
458,395,68,2022-12-03,41,181.52,Pending,458
459,308,413,2022-08-13,18,301.89,Cancelled,459
460,360,83,2023-04-01,72,967.66,Shipped,460
461,103,102,2022-12-29,81,121.11,Delivered,461
462,74,314,2023-06-21,86,179.1,Pending,462
463,450,54,2024-05-14,4,495.05,Pending,463
464,194,284,2023-08-16,67,817.41,Pending,464
465,340,417,2024-05-05,5,491.44,Cancelled,465
466,209,274,2023-12-06,51,773.01,Shipped,466
467,227,132,2023-11-11,62,183.54,Cancelled,467
468,435,484,2022-08-07,20,863.39,Shipped,468
469,250,414,2023-03-05,27,875.44,Pending,469
470,366,415,2023-08-07,51,119.66,Shipped,470
471,402,399,2022-11-01,24,289.81,Pending,471
472,55,160,2023-05-21,14,985.17,Delivered,472
473,109,235,2023-12-27,20,654.43,Delivered,473
474,336,180,2023-12-06,63,708.9,Shipped,474
475,378,361,2022-08-10,52,488.96,Cancelled,475
476,50,32,2022-10-30,74,975.0,Delivered,476
477,337,199,2022-05-26,58,418.93,Delivered,477
478,163,77,2023-01-06,80,590.08,Delivered,478
479,355,143,2023-12-03,17,852.95,Delivered,479
480,433,149,2024-04-20,2,398.36,Pending,480
481,498,309,2024-05-01,55,833.12,Shipped,481
482,209,50,2024-02-13,97,970.76,Pending,482
483,382,137,2022-07-24,7,101.81,Cancelled,483
484,179,219,2023-04-17,31,270.7,Shipped,484
485,137,353,2022-08-20,95,521.95,Delivered,485
486,201,78,2023-06-30,89,195.8,Shipped,486
487,383,405,2024-01-05,20,299.94,Pending,487
488,129,307,2023-04-20,80,637.04,Pending,488
489,341,494,2022-09-29,90,756.24,Pending,489
490,424,447,2023-01-20,31,229.61,Delivered,490
491,203,126,2022-05-18,33,737.15,Delivered,491
492,489,277,2022-07-14,3,490.63,Cancelled,492
493,365,209,2023-08-01,93,161.55,Cancelled,493
494,208,53,2023-11-24,75,998.28,Delivered,494
495,355,456,2022-10-12,38,375.66,Shipped,495
496,6,195,2022-11-12,10,817.34,Shipped,496
497,476,446,2023-06-08,15,317.42,Cancelled,497
498,16,365,2023-08-02,6,401.99,Shipped,498
499,285,328,2024-03-05,69,211.58,Pending,499
500,318,444,2023-03-14,31,201.84,Cancelled,500
501,435,31,2024-03-11,89,357.59,Cancelled,501
502,111,304,2023-10-21,39,226.62,Pending,502
503,61,109,2023-01-01,24,842.73,Shipped,503
504,35,168,2022-10-02,5,748.15,Delivered,504
505,273,415,2023-05-29,80,991.42,Delivered,505
506,153,364,2023-02-15,46,117.6,Cancelled,506
507,237,452,2023-08-20,92,681.03,Delivered,507
508,334,446,2023-11-26,37,676.14,Shipped,508
509,27,207,2022-08-17,10,427.03,Delivered,509
510,343,480,2023-07-16,85,315.19,Cancelled,510
511,459,478,2022-06-06,96,607.38,Delivered,511
512,304,490,2022-08-30,29,768.93,Delivered,512
513,9,491,2022-12-27,56,288.48,Pending,513
514,85,189,2023-10-29,41,998.9,Delivered,514
515,374,128,2023-08-25,95,394.57,Shipped,515
516,482,266,2023-06-14,86,844.74,Cancelled,516
517,13,472,2022-06-24,67,183.73,Pending,517
518,341,351,2023-02-23,61,454.41,Cancelled,518
519,21,70,2022-08-09,8,683.74,Pending,519
520,468,177,2023-06-10,68,684.12,Cancelled,520
521,5,225,2024-02-07,20,543.04,Shipped,521
522,109,155,2022-09-21,16,989.48,Pending,522
523,413,477,2023-11-16,28,916.57,Shipped,523
524,497,405,2023-12-23,18,143.32,Delivered,524
525,408,499,2022-05-30,91,616.92,Shipped,525
526,319,486,2023-02-19,68,285.74,Pending,526
527,312,17,2024-03-23,86,574.63,Shipped,527
528,485,44,2023-03-06,64,653.29,Shipped,528
529,218,267,2022-06-12,59,544.48,Delivered,529
530,28,207,2024-05-10,55,256.71,Delivered,530
531,461,353,2023-01-07,68,606.69,Delivered,531
532,136,81,2023-11-06,1,783.08,Shipped,532
533,340,216,2022-06-16,57,669.5,Delivered,533
534,316,439,2023-01-29,44,526.51,Shipped,534
535,39,155,2023-09-04,35,574.23,Pending,535
536,474,188,2024-04-04,84,229.2,Cancelled,536
537,453,185,2023-02-18,65,230.09,Delivered,537
538,231,16,2022-10-07,73,140.73,Delivered,538
539,135,417,2023-09-22,100,486.5,Delivered,539
540,259,376,2023-02-12,66,417.51,Pending,540
541,296,436,2023-12-12,28,511.8,Cancelled,541
542,167,255,2022-08-23,16,205.54,Delivered,542
543,221,292,2023-06-17,25,333.13,Cancelled,543
544,49,107,2023-10-13,7,518.59,Cancelled,544
545,143,120,2024-04-02,4,862.17,Cancelled,545
546,280,95,2022-05-20,88,901.79,Pending,546
547,16,420,2024-01-18,47,455.63,Delivered,547
548,66,10,2022-11-02,66,243.74,Delivered,548
549,183,102,2024-02-18,59,943.3,Shipped,549
550,470,141,2023-03-19,98,856.32,Pending,550
551,52,186,2022-09-07,78,310.65,Delivered,551
552,214,284,2022-11-23,21,540.01,Shipped,552
553,414,404,2023-01-01,10,226.76,Pending,553
554,381,450,2023-03-17,25,746.27,Shipped,554
555,461,140,2023-06-14,47,530.28,Shipped,555
556,365,481,2022-11-13,65,505.11,Cancelled,556
557,77,389,2023-07-29,10,569.48,Shipped,557
558,483,74,2023-08-12,43,445.57,Delivered,558
559,255,198,2022-12-29,12,439.56,Cancelled,559
560,446,332,2022-09-02,62,256.98,Shipped,560
561,206,391,2024-05-14,68,264.84,Pending,561
562,444,12,2023-06-02,26,147.53,Pending,562
563,206,348,2024-03-27,5,481.06,Cancelled,563
564,307,152,2023-08-19,65,412.22,Shipped,564
565,77,194,2023-08-31,79,432.28,Cancelled,565
566,269,98,2024-04-05,77,705.01,Pending,566
567,205,78,2023-05-19,16,896.41,Delivered,567
568,370,223,2023-03-21,22,109.53,Pending,568
569,388,465,2023-03-10,25,594.66,Shipped,569
570,31,54,2023-03-03,3,194.29,Pending,570
571,73,380,2024-04-13,20,476.16,Delivered,571
572,126,120,2023-01-04,13,543.0,Cancelled,572
573,437,391,2022-05-22,55,469.19,Shipped,573
574,485,225,2023-10-14,27,598.44,Shipped,574
575,476,105,2023-04-10,91,133.03,Delivered,575
576,62,107,2024-04-16,57,574.72,Delivered,576
577,89,127,2023-11-04,60,469.0,Shipped,577
578,459,104,2023-10-03,89,365.37,Cancelled,578
579,210,395,2023-09-01,4,843.66,Pending,579
580,378,308,2023-04-17,99,911.04,Pending,580
581,212,215,2024-01-01,28,681.06,Delivered,581
582,131,35,2023-06-01,43,659.37,Cancelled,582
583,209,249,2022-12-01,33,922.02,Cancelled,583
584,154,430,2022-05-17,37,963.81,Delivered,584
585,271,422,2023-06-07,25,873.25,Pending,585
586,60,182,2023-06-30,15,486.19,Pending,586
587,194,306,2023-07-12,51,412.78,Delivered,587
588,164,99,2022-07-17,89,258.96,Delivered,588
589,296,155,2024-02-08,62,681.09,Shipped,589
590,137,56,2023-08-14,25,266.05,Delivered,590
591,492,284,2022-07-07,2,544.43,Pending,591
592,231,373,2023-10-19,49,565.5,Shipped,592
593,39,426,2022-11-04,13,488.63,Pending,593
594,97,481,2023-09-13,77,984.29,Shipped,594
595,446,460,2023-02-21,71,965.97,Cancelled,595
596,177,158,2022-10-21,14,290.83,Shipped,596
597,137,470,2022-12-20,71,249.78,Delivered,597
598,126,349,2023-11-14,83,418.82,Cancelled,598
599,203,18,2023-08-04,78,146.63,Cancelled,599
600,338,439,2023-10-23,75,385.63,Pending,600
601,43,352,2023-04-22,54,929.71,Delivered,601
602,63,291,2023-02-23,27,299.55,Cancelled,602
603,363,374,2023-02-04,7,660.13,Delivered,603
604,328,401,2023-08-19,11,298.25,Pending,604
605,418,118,2023-04-27,97,196.32,Pending,605
606,225,405,2023-07-21,11,720.25,Cancelled,606
607,231,203,2023-12-27,5,182.67,Delivered,607
608,292,21,2024-03-07,28,469.95,Delivered,608
609,276,431,2022-10-08,43,779.93,Pending,609
610,329,219,2023-10-04,98,408.05,Shipped,610
611,443,190,2023-04-04,20,655.29,Shipped,611
612,452,328,2022-08-17,99,247.79,Delivered,612
613,134,117,2024-02-21,16,860.81,Cancelled,613
614,251,14,2024-03-04,43,501.35,Shipped,614
615,366,215,2022-08-31,1,276.39,Pending,615
616,233,447,2022-10-09,32,520.19,Pending,616
617,189,275,2023-11-01,24,756.52,Shipped,617
618,99,98,2023-07-31,95,136.96,Delivered,618
619,389,36,2023-09-12,57,991.5,Shipped,619
620,339,280,2024-01-12,18,948.16,Shipped,620
621,384,241,2023-04-17,76,651.37,Pending,621
622,71,256,2022-09-23,37,679.17,Delivered,622
623,433,61,2023-06-19,3,571.12,Pending,623
624,118,175,2023-12-23,12,807.24,Shipped,624
625,199,8,2022-11-02,71,972.46,Shipped,625
626,75,34,2022-09-18,15,368.61,Cancelled,626
627,309,42,2023-02-21,26,760.51,Pending,627
628,55,275,2023-04-30,14,384.69,Delivered,628
629,497,217,2022-06-22,96,457.85,Pending,629
630,200,53,2023-09-16,94,649.02,Shipped,630
631,194,197,2023-10-19,37,476.75,Cancelled,631
632,43,409,2022-05-24,24,998.08,Shipped,632
633,305,151,2023-01-13,54,381.31,Shipped,633
634,303,255,2023-09-23,17,953.11,Cancelled,634
635,445,39,2024-05-03,14,180.39,Cancelled,635
636,424,204,2023-03-14,47,391.52,Shipped,636
637,251,67,2023-11-16,42,639.08,Cancelled,637
638,118,15,2023-11-30,4,265.1,Delivered,638
639,353,425,2023-10-19,13,642.09,Cancelled,639
640,312,344,2023-05-01,98,672.17,Shipped,640
641,409,230,2023-06-16,72,526.4,Pending,641
642,356,219,2023-10-06,28,503.59,Shipped,642
643,10,361,2022-05-25,28,443.34,Pending,643
644,86,334,2023-06-07,8,582.69,Pending,644
645,310,346,2023-03-16,60,911.5,Pending,645
646,258,409,2023-12-01,55,174.77,Pending,646
647,40,427,2023-02-24,16,984.02,Shipped,647
648,74,69,2023-11-09,27,889.67,Cancelled,648
649,160,460,2022-11-12,35,112.96,Cancelled,649
650,71,269,2022-09-29,65,528.07,Pending,650
651,221,356,2023-06-07,25,783.65,Shipped,651
652,101,322,2023-07-20,36,695.05,Pending,652
653,212,54,2023-03-24,60,713.28,Cancelled,653
654,481,432,2023-03-01,94,615.94,Cancelled,654
655,408,223,2022-08-07,49,424.44,Cancelled,655
656,138,57,2023-08-28,98,467.94,Pending,656
657,267,120,2023-12-13,69,902.63,Cancelled,657
658,278,405,2023-07-02,7,792.83,Pending,658
659,95,112,2023-10-19,21,727.67,Pending,659
660,145,408,2022-09-30,72,672.22,Cancelled,660
661,41,373,2022-10-15,81,672.61,Delivered,661
662,208,346,2023-08-29,21,541.44,Shipped,662
663,425,20,2023-05-22,10,143.17,Pending,663
664,486,421,2022-07-11,39,294.1,Cancelled,664
665,269,345,2022-10-14,16,694.45,Cancelled,665
666,315,291,2022-08-02,60,272.17,Pending,666
667,427,387,2023-01-25,45,776.9,Cancelled,667
668,464,422,2023-07-06,15,470.62,Pending,668
669,263,396,2024-03-08,37,879.93,Shipped,669
670,181,135,2023-03-08,89,894.29,Pending,670
671,292,231,2022-12-02,80,114.38,Pending,671
672,454,251,2024-02-20,13,533.72,Shipped,672
673,124,495,2023-08-02,71,110.0,Cancelled,673
674,281,70,2023-12-26,34,480.83,Shipped,674
675,454,60,2022-06-30,99,906.41,Cancelled,675
676,328,160,2023-04-02,53,770.19,Pending,676
677,255,36,2023-09-03,91,794.83,Cancelled,677
678,52,42,2023-03-11,37,715.75,Shipped,678
679,375,186,2022-12-12,100,276.76,Delivered,679
680,470,396,2023-12-08,47,531.22,Cancelled,680
681,86,181,2022-11-12,77,382.99,Pending,681
682,492,221,2024-05-06,100,231.07,Delivered,682
683,73,195,2022-08-15,24,456.0,Shipped,683
684,308,1,2023-12-22,83,883.04,Cancelled,684
685,284,52,2024-01-07,50,713.42,Shipped,685
686,333,179,2023-02-16,78,699.81,Pending,686
687,63,56,2023-06-27,99,547.12,Shipped,687
688,184,285,2022-10-22,87,195.13,Delivered,688
689,135,197,2023-01-28,52,660.24,Delivered,689
690,456,426,2023-02-15,84,577.91,Shipped,690
691,456,180,2022-12-16,12,615.85,Delivered,691
692,451,301,2023-11-04,77,516.01,Delivered,692
693,375,493,2023-03-28,34,220.96,Cancelled,693
694,139,118,2023-11-16,57,148.39,Pending,694
695,117,42,2022-09-13,81,461.56,Shipped,695
696,405,11,2023-08-05,23,294.23,Shipped,696
697,498,274,2023-04-14,65,185.13,Pending,697
698,335,243,2023-08-15,74,140.31,Shipped,698
699,259,499,2022-12-19,97,865.3,Delivered,699
700,54,131,2023-03-26,50,403.46,Cancelled,700
701,451,263,2023-07-30,98,762.12,Shipped,701
702,498,151,2023-11-03,51,805.77,Cancelled,702
703,263,335,2023-06-04,58,536.0,Shipped,703
704,454,95,2024-02-05,62,930.08,Shipped,704
705,458,449,2023-11-14,68,487.19,Pending,705
706,96,241,2023-07-11,65,604.0,Cancelled,706
707,333,281,2022-12-30,95,425.06,Delivered,707
708,386,218,2022-11-05,82,544.5,Pending,708
709,487,393,2023-03-17,20,236.96,Cancelled,709
710,141,484,2022-12-16,48,768.16,Delivered,710
711,51,419,2022-06-21,51,200.67,Shipped,711
712,334,180,2022-08-14,62,384.76,Cancelled,712
713,74,42,2023-01-18,6,985.24,Shipped,713
714,112,442,2023-01-13,7,456.71,Pending,714
715,366,437,2023-08-09,42,790.61,Shipped,715
716,65,293,2022-10-21,29,740.24,Delivered,716
717,11,49,2022-06-15,39,854.62,Shipped,717
718,393,271,2023-06-22,12,194.65,Shipped,718
719,468,215,2023-01-03,2,488.19,Delivered,719
720,54,265,2022-09-02,45,427.37,Cancelled,720
721,155,126,2022-09-25,90,670.79,Cancelled,721
722,480,484,2023-12-04,5,280.11,Shipped,722
723,418,290,2024-01-31,72,242.38,Shipped,723
724,108,334,2022-10-18,2,547.15,Cancelled,724
725,368,159,2023-09-02,56,637.4,Delivered,725
726,240,496,2022-06-16,83,393.75,Delivered,726
727,355,357,2023-08-09,19,113.25,Shipped,727
728,189,116,2022-12-15,22,251.49,Delivered,728
729,488,178,2022-11-22,48,640.47,Pending,729
730,30,19,2022-11-08,38,167.03,Pending,730
731,199,476,2024-01-04,9,387.23,Pending,731
732,171,132,2023-01-24,29,157.94,Delivered,732
733,210,463,2023-01-18,52,477.38,Delivered,733
734,304,399,2023-10-25,12,150.56,Shipped,734
735,75,306,2024-03-19,25,868.19,Pending,735
736,339,249,2023-01-11,43,874.29,Cancelled,736
737,11,111,2023-07-10,60,916.36,Pending,737
738,173,479,2023-01-14,80,890.86,Cancelled,738
739,474,313,2023-08-10,4,607.16,Pending,739
740,179,147,2023-06-09,65,914.16,Shipped,740
741,153,148,2023-02-20,64,370.4,Cancelled,741
742,266,478,2023-12-29,89,700.14,Shipped,742
743,324,29,2023-07-15,32,325.82,Shipped,743
744,24,444,2023-12-29,4,130.44,Cancelled,744
745,126,60,2022-10-07,72,748.34,Pending,745
746,492,34,2022-06-09,91,115.09,Pending,746
747,328,244,2023-03-08,68,555.72,Shipped,747
748,25,82,2022-10-09,36,302.26,Cancelled,748
749,320,288,2023-08-11,16,503.31,Cancelled,749
750,484,203,2023-04-18,92,860.33,Pending,750
751,218,54,2024-04-17,74,809.23,Pending,751
752,171,448,2023-10-09,76,769.26,Delivered,752
753,292,105,2022-07-14,67,182.82,Cancelled,753
754,27,447,2023-08-31,10,490.3,Cancelled,754
755,381,41,2022-11-13,29,695.25,Cancelled,755
756,20,362,2023-06-12,58,430.64,Delivered,756
757,53,297,2023-01-02,5,948.65,Pending,757
758,142,161,2024-04-19,29,555.34,Pending,758
759,195,47,2023-02-08,86,642.37,Delivered,759
760,480,9,2023-05-20,91,870.33,Cancelled,760
761,418,240,2022-12-04,11,520.9,Delivered,761
762,90,302,2022-10-05,46,549.08,Shipped,762
763,487,98,2022-12-06,5,748.82,Pending,763
764,434,346,2023-02-11,63,945.41,Delivered,764
765,499,266,2024-02-12,36,814.6,Cancelled,765
766,163,201,2024-02-05,10,347.24,Pending,766
767,438,362,2022-10-10,69,345.42,Pending,767
768,135,178,2023-06-20,9,391.52,Pending,768
769,255,361,2023-10-22,16,778.03,Shipped,769
770,316,257,2022-11-21,51,544.17,Shipped,770
771,221,150,2022-07-14,53,876.6,Cancelled,771
772,39,404,2023-03-07,95,831.58,Shipped,772
773,47,185,2023-05-29,67,826.15,Cancelled,773
774,224,117,2023-09-24,65,584.66,Delivered,774
775,38,101,2024-04-29,99,698.53,Cancelled,775
776,466,368,2023-03-17,19,628.05,Pending,776
777,267,290,2023-01-20,6,820.69,Shipped,777
778,141,263,2023-05-19,42,960.89,Cancelled,778
779,351,87,2022-10-12,87,544.64,Delivered,779
780,110,256,2024-05-12,19,114.85,Cancelled,780
781,149,417,2022-06-13,58,858.07,Cancelled,781
782,348,296,2022-06-10,40,239.07,Delivered,782
783,113,161,2023-04-16,77,337.8,Pending,783
784,118,35,2022-06-07,2,902.08,Shipped,784
785,361,330,2023-04-18,20,359.91,Cancelled,785
786,64,134,2023-01-03,35,210.15,Shipped,786
787,16,112,2022-12-10,93,346.69,Pending,787
788,37,439,2023-06-20,52,283.67,Shipped,788
789,65,178,2022-11-07,21,429.15,Pending,789
790,124,246,2022-07-24,59,400.78,Shipped,790
791,50,70,2023-11-26,5,181.05,Delivered,791
792,122,162,2023-12-02,73,434.62,Delivered,792
793,371,128,2023-09-14,31,502.29,Pending,793
794,200,104,2023-11-03,34,825.11,Delivered,794
795,275,200,2022-06-28,59,496.32,Cancelled,795
796,54,13,2024-01-26,51,642.01,Pending,796
797,206,260,2023-02-22,44,109.65,Cancelled,797
798,382,18,2022-11-26,28,388.55,Pending,798
799,166,237,2023-07-19,17,122.28,Pending,799
800,407,399,2022-06-21,74,124.07,Delivered,800
801,234,287,2022-08-16,85,418.3,Pending,801
802,61,372,2022-05-29,92,779.34,Delivered,802
803,183,364,2024-01-22,35,269.22,Delivered,803
804,125,117,2023-05-26,98,193.91,Pending,804
805,118,286,2023-03-24,90,121.0,Pending,805
806,338,424,2023-10-20,68,221.9,Shipped,806
807,390,29,2024-02-24,27,899.8,Cancelled,807
808,74,87,2023-03-01,68,354.75,Shipped,808
809,44,88,2022-08-14,9,545.94,Delivered,809
810,383,20,2024-04-10,64,910.79,Pending,810
811,246,426,2023-08-22,17,344.12,Shipped,811
812,25,182,2022-06-03,74,245.35,Pending,812
813,1,72,2022-12-05,20,115.0,Delivered,813
814,116,182,2023-08-30,69,899.6,Pending,814
815,57,471,2024-01-11,85,158.85,Cancelled,815
816,270,221,2023-11-08,44,849.28,Shipped,816
817,419,418,2023-12-30,18,825.39,Shipped,817
818,349,490,2022-11-15,74,638.22,Shipped,818
819,415,72,2022-09-22,6,756.45,Cancelled,819
820,412,294,2023-07-14,85,476.13,Cancelled,820
821,66,72,2024-02-24,32,508.74,Shipped,821
822,351,356,2022-09-08,65,661.53,Pending,822
823,76,227,2023-01-10,24,458.04,Cancelled,823
824,52,475,2022-10-01,24,733.35,Shipped,824
825,431,71,2022-05-31,29,894.1,Cancelled,825
826,448,203,2024-01-18,74,561.47,Cancelled,826
827,16,311,2024-02-09,84,621.04,Pending,827
828,245,118,2023-06-08,58,889.31,Pending,828
829,45,171,2023-03-24,65,697.93,Cancelled,829
830,33,242,2023-12-12,100,998.52,Pending,830
831,40,389,2023-05-03,27,203.62,Pending,831
832,151,172,2023-05-13,11,773.86,Pending,832
833,366,412,2023-05-11,26,953.47,Pending,833
834,466,113,2023-10-06,92,995.81,Shipped,834
835,488,267,2022-12-27,81,594.41,Delivered,835
836,318,355,2023-04-27,94,780.35,Delivered,836
837,56,292,2023-01-08,16,396.73,Shipped,837
838,254,315,2023-05-17,10,534.99,Cancelled,838
839,446,263,2023-05-29,40,701.32,Delivered,839
840,409,247,2023-02-10,18,455.97,Delivered,840
841,400,184,2024-05-04,70,725.17,Shipped,841
842,123,17,2022-09-28,60,866.07,Shipped,842
843,134,130,2023-01-22,33,352.71,Pending,843
844,103,125,2022-06-01,74,709.21,Cancelled,844
845,374,1,2022-11-22,81,145.35,Pending,845
846,193,278,2022-06-07,10,339.84,Shipped,846
847,134,280,2023-12-18,38,417.97,Cancelled,847
848,73,280,2023-08-11,2,804.54,Delivered,848
849,75,211,2024-04-02,50,799.28,Pending,849
850,58,309,2023-08-16,74,395.8,Shipped,850
851,42,222,2023-05-17,93,242.73,Delivered,851
852,45,122,2023-10-19,31,700.79,Delivered,852
853,465,167,2023-09-27,57,437.73,Shipped,853
854,240,330,2022-05-31,76,635.73,Delivered,854
855,192,392,2024-03-18,14,845.53,Shipped,855
856,48,258,2022-05-30,43,432.57,Delivered,856
857,342,79,2024-03-18,93,798.27,Delivered,857
858,217,482,2023-09-13,51,867.29,Cancelled,858
859,424,82,2024-01-26,52,363.88,Shipped,859
860,113,255,2023-11-19,58,555.96,Cancelled,860
861,478,201,2023-12-22,49,593.67,Delivered,861
862,401,472,2023-07-22,70,568.72,Cancelled,862
863,115,438,2023-11-13,32,830.26,Pending,863
864,90,161,2024-05-09,67,627.28,Cancelled,864
865,322,319,2023-12-25,23,475.99,Shipped,865
866,120,346,2023-07-17,93,651.12,Cancelled,866
867,383,55,2023-03-02,70,603.76,Delivered,867
868,262,36,2023-09-22,4,237.5,Pending,868
869,330,52,2023-08-17,97,174.44,Cancelled,869
870,124,247,2023-03-23,96,709.09,Delivered,870
871,411,27,2023-06-28,81,114.75,Delivered,871
872,354,75,2022-12-18,65,843.09,Delivered,872
873,385,96,2024-03-25,18,626.33,Delivered,873
874,354,265,2023-05-31,69,505.59,Pending,874
875,432,73,2022-12-18,38,271.67,Delivered,875
876,35,54,2022-10-21,93,155.3,Shipped,876
877,206,499,2024-04-30,27,836.98,Delivered,877
878,203,116,2022-06-14,65,598.25,Cancelled,878
879,444,259,2023-03-23,54,528.53,Shipped,879
880,370,492,2022-06-29,53,236.74,Pending,880
881,495,340,2022-08-04,95,600.73,Shipped,881
882,321,130,2023-11-23,1,680.2,Pending,882
883,22,9,2022-08-19,27,410.98,Delivered,883
884,183,244,2023-01-18,91,708.7,Shipped,884
885,58,252,2022-08-22,35,326.73,Pending,885
886,37,17,2023-12-28,21,512.13,Delivered,886
887,153,193,2022-10-22,12,506.53,Shipped,887
888,295,171,2024-04-25,23,816.87,Delivered,888
889,297,106,2023-01-26,70,230.9,Cancelled,889
890,321,160,2023-11-07,18,809.29,Shipped,890
891,173,491,2023-02-07,58,769.15,Cancelled,891
892,121,17,2023-04-09,4,641.12,Delivered,892
893,475,324,2024-01-09,7,242.57,Pending,893
894,403,498,2023-09-11,62,559.55,Cancelled,894
895,216,301,2024-03-23,6,962.01,Shipped,895
896,496,317,2023-10-23,15,614.43,Pending,896
897,452,470,2023-10-27,70,853.74,Cancelled,897
898,87,174,2023-01-24,93,974.14,Shipped,898
899,304,32,2023-11-04,15,773.32,Pending,899
900,338,487,2022-12-14,16,923.81,Shipped,900
901,82,173,2023-04-15,80,969.65,Shipped,901
902,333,322,2024-01-09,66,339.59,Delivered,902
903,436,209,2022-07-10,94,404.52,Cancelled,903
904,251,120,2023-03-11,28,693.96,Pending,904
905,2,254,2022-06-19,62,273.47,Delivered,905
906,307,320,2023-08-25,57,252.76,Shipped,906
907,408,323,2024-03-27,31,545.32,Pending,907
908,265,394,2023-12-12,87,367.06,Shipped,908
909,216,97,2022-11-25,2,762.25,Cancelled,909
910,87,489,2023-05-23,74,161.41,Delivered,910
911,71,36,2022-06-21,51,545.34,Pending,911
912,272,392,2023-10-21,91,315.78,Shipped,912
913,462,315,2022-09-07,18,279.97,Pending,913
914,387,200,2023-10-25,33,784.38,Delivered,914
915,179,290,2022-07-23,7,476.47,Delivered,915
916,226,360,2022-12-04,80,494.48,Delivered,916
917,172,199,2024-05-05,74,304.6,Cancelled,917
918,206,276,2024-02-26,90,205.46,Shipped,918
919,455,414,2023-06-24,27,461.22,Shipped,919
920,14,120,2023-07-02,70,296.9,Shipped,920
921,141,262,2022-08-13,54,626.19,Delivered,921
922,140,350,2022-05-28,30,734.06,Shipped,922
923,87,64,2023-09-07,19,970.5,Delivered,923
924,285,52,2023-02-10,72,630.51,Cancelled,924
925,302,7,2023-09-30,61,618.84,Delivered,925
926,156,147,2023-02-12,26,747.12,Pending,926
927,105,59,2022-07-13,7,935.57,Pending,927
928,449,5,2023-05-05,55,435.88,Delivered,928
929,275,461,2022-08-03,19,771.01,Shipped,929
930,88,82,2023-07-27,22,687.14,Pending,930
931,34,295,2024-04-27,91,280.73,Shipped,931
932,480,353,2024-04-20,26,175.02,Cancelled,932
933,176,211,2024-03-17,34,801.0,Pending,933
934,394,346,2024-04-10,69,652.0,Pending,934
935,44,99,2023-09-13,53,913.52,Delivered,935
936,313,38,2023-02-18,8,585.8,Pending,936
937,135,63,2022-11-04,16,356.62,Shipped,937
938,480,324,2023-11-10,31,357.42,Pending,938
939,477,161,2024-04-23,89,686.69,Delivered,939
940,403,245,2022-10-02,30,800.69,Cancelled,940
941,18,413,2023-11-04,33,576.92,Pending,941
942,170,150,2024-05-10,52,766.94,Shipped,942
943,420,404,2022-12-24,78,710.69,Shipped,943
944,36,272,2024-01-11,56,612.92,Cancelled,944
945,242,190,2023-09-06,56,443.0,Cancelled,945
946,242,470,2022-11-07,37,904.45,Pending,946
947,328,476,2022-08-16,91,331.19,Pending,947
948,107,478,2023-06-04,34,334.4,Delivered,948
949,57,37,2023-06-12,5,767.91,Delivered,949
950,77,1,2024-01-15,4,376.33,Delivered,950
951,209,139,2024-02-17,73,374.92,Delivered,951
952,86,231,2023-04-04,100,446.64,Pending,952
953,410,294,2022-09-03,71,279.33,Shipped,953
954,171,81,2023-10-03,92,642.29,Shipped,954
955,323,437,2022-06-23,11,252.13,Pending,955
956,37,405,2023-06-09,15,518.7,Pending,956
957,42,266,2022-07-18,21,233.79,Delivered,957
958,239,485,2024-03-09,55,353.89,Pending,958
959,200,409,2023-06-03,55,808.35,Delivered,959
960,40,409,2023-02-23,5,630.62,Pending,960
961,235,339,2023-04-23,26,949.88,Pending,961
962,452,486,2022-06-17,53,111.21,Pending,962
963,432,335,2024-01-26,16,699.14,Shipped,963
964,436,47,2023-11-03,46,523.11,Shipped,964
965,7,308,2024-01-29,27,655.47,Cancelled,965
966,440,360,2024-02-03,14,162.12,Shipped,966
967,110,149,2022-07-05,40,961.09,Cancelled,967
968,3,363,2023-02-04,46,737.72,Delivered,968
969,243,279,2024-01-27,55,130.62,Pending,969
970,411,489,2023-05-10,54,240.39,Delivered,970
971,43,186,2024-02-27,45,978.67,Cancelled,971
972,29,396,2023-03-24,79,315.03,Shipped,972
973,198,409,2023-12-08,32,372.52,Shipped,973
974,63,256,2023-09-10,75,812.65,Cancelled,974
975,309,40,2022-11-01,5,291.55,Pending,975
976,165,16,2022-11-05,52,590.69,Pending,976
977,389,274,2023-04-06,39,539.11,Cancelled,977
978,276,22,2022-11-08,37,830.67,Delivered,978
979,416,220,2023-08-13,43,170.96,Shipped,979
980,428,432,2022-10-23,67,288.37,Delivered,980
981,241,106,2022-05-21,66,557.5,Cancelled,981
982,341,371,2023-08-10,59,238.77,Pending,982
983,155,191,2022-11-27,13,637.77,Cancelled,983
984,121,126,2024-04-23,41,923.96,Delivered,984
985,132,95,2022-07-13,55,197.45,Pending,985
986,349,85,2022-12-10,75,597.61,Delivered,986
987,160,57,2024-03-01,69,316.4,Delivered,987
988,191,336,2022-07-18,53,164.2,Cancelled,988
989,176,444,2023-12-18,12,839.33,Delivered,989
990,47,98,2024-04-19,19,928.2,Pending,990
991,80,28,2024-03-17,9,244.14,Pending,991
992,424,149,2023-07-08,82,488.22,Cancelled,992
993,91,4,2024-01-05,41,774.96,Shipped,993
994,149,344,2023-10-11,29,653.57,Cancelled,994
995,179,29,2023-01-15,56,825.58,Delivered,995
996,332,492,2023-05-30,93,469.68,Cancelled,996
997,194,251,2023-01-26,11,126.05,Shipped,997
998,55,54,2022-08-19,7,793.33,Shipped,998
999,101,299,2024-04-08,59,827.83,Pending,999
1000,497,465,2022-08-09,17,453.98,Cancelled,1000
